Text,Numerical Rating,predict
"These measurements show no net increase in the sun’s output, even as global surface temperatures have risen.",3,TRUE
"A Fox News guest disparaged teenage climate activist Greta Thunberg by calling her ""mentally ill.""",3,TRUE
"Film actor and activist Jane Fonda said, ""There'd be no climate crisis if it wasn't for racism.""",3,TRUE
"Crude oil was the only major fuel type for which the United States was a net importer. Major disturbances to the energy supply, such as power outages or fuel shortages, harm the economy.",3,TRUE
"""The science tells us that Tuvalu, which I often hear about, is actually growing not sinking,""",3,TRUE
"Earlier last month, EPA finalized its first Expedited Settlement Agreement with Sigma Air, LLC, for the attempted illegal import of 3,736 pounds of R-410A, a blend of different HFCs..",3,FALSE
"Today, the US Environmental Protection Agency (EPA) announced it is seeking public comment on its proposal to address environmental justice, climate change, and PFAS contamination in its National ...",3,FALSE
EPA has made it a national enforcement and compliance priority to address the illegal import of HFCs under the current phasedown and has settled numerous cases over the last several months with co...,3,FALSE
"Resonac America also failed to give EPA the required notice of planned shipments of HFCs for the 2023 shipments and a February 2024 shipment, as well as failed to timely submit reports to the EPA ...",3,FALSE
"Today, EPA is announcing a settlement with Open Mountain Energy, LLC, a geothermal power generation company, for the attempted illegal import of hydrofluorocarbons (HFCs), which is the latest in a...",3,FALSE
EPA is aggressively pursuing similar actions against several other importers that failed to report their HFCs..,3,FALSE
"In addition to preventing illegal imports of HFCs, EPA is also using its enforcement authorities to target HFC importers that failed to accurately report their import quantities to EPA..",3,FALSE
"Under this third authority, EPA recently received five petitions from industry, states, and environmental organizations to address HFC use in refrigeration, air conditioning, and other applications..",3,FALSE
EPA also recently issued the first notices of violation (NOVs) under the American Innovation and Manufacturing Act of 2020 (AIM Act) to alleged violators who imported regulated substances without ...,3,FALSE
"Today, April 10, the US Environmental Protection Agency (EPA), filed a complaint against USA Wholesale, Inc. (“USA Wholesale”), a San Jose corporation which sells engine lubricants, for unlawfully...",3,FALSE
"EPA issued a letter recommending that Customs and Border Protection 3 deny the shipment entry into the US, and the HFCs were subsequently exported..",3,FALSE
“This case is the largest penalty imposed to date for importing super-polluting HFCs as part of EPA’s National Enforcement and Compliance Initiative on Mitigating Climate Change—and the first to r...,3,FALSE
"Reclassification of Major Sources as Area Sources Under Section 112 of the Clean Air Act | US EPA, , The US Environmental Protection Agency (EPA) is announcing its annual “Top Cities” list, spotli...",3,FALSE
"Today, the US Environmental Protection Agency (EPA) announced several enforcement actions that support national and international goals to reduce the use of hydrofluorocarbons (HFCs) in our fight ...",3,FALSE
"Since January 2022, EPA and CBP have denied entry to approximately 81 shipments of illegal HFCs..",3,FALSE
"“This is the latest in a series of EPA HFC enforcement efforts nationwide, which send a clear message that the federal government is vigilantly monitoring imports of HFCs and will hold illegal act...",3,FALSE
"Today, the US Environmental Protection Agency issued for public input a draft white paper on control techniques and measures that could reduce greenhouse gas (GHG) emissions from new stationary co...",3,FALSE
"“Our HFC enforcement efforts send a clear message to HFC importers that the federal government is vigilantly monitoring imports of HFCs and will hold illegal actors accountable.”, , In EPA’s enfor...",3,FALSE
"“This is the first time the Department of Justice is prosecuting someone for illegally importing greenhouse gases, and it will not be the last..",3,FALSE
"Since January 2022, EPA and CBP have denied entry to over 80 shipments of illegal HFCs..",3,FALSE
"Today, the United States Environmental Protection Agency (EPA) issued a final rule establishing a comprehensive program to cap and phase down the production and consumption of climate-damaging hyd...",3,FALSE
"Today, March 21, 2024, the US Environmental Protection Agency announced a settlement with Resonac America Inc. to address the company’s illegal import of hydrofluorocarbons (HFCs) at the Port of L...",3,FALSE
"Today, April 15, the US Environmental Protection Agency denied a petition to remove stationary combustion turbines from the list of sources subject to regulation for emissions of air toxics, maint...",3,FALSE
"EPA is finalizing this rule as sales of clean vehicles, including plug-in hybrid and fully electric vehicles, hit record highs last year..",3,FALSE
"Today, April 9, the US Environmental Protection Agency issued a final rule that will significantly reduce toxic air pollution from chemical plants, including ethylene oxide and chloroprene..",3,FALSE
"In addition, through implementation of the 2015 CCR rule, EPA found “historic” disposal units that are leaking and contaminating groundwater at currently regulated power plants, but which were exe...",3,FALSE
"Petitioners requested EPA remove, or “delist,” combustion turbines, saying that cancer risks from this source category were below 1-in-1 million and would meet the statutory “delisting” threshold..",3,FALSE
"For neoprene production sources, EPA is setting a 90-day deadline for beginning fenceline monitoring of chloroprene emissions..",3,FALSE
A recent poll released by the Lung Association found that a strong majority of voters support the EPA setting stricter limits on emissions from light-duty vehicles like cars or trucks..,3,FALSE
"Today, the US Environmental Protection Agency (EPA) announced a new effort under the Toxic Substances Control Act (TSCA) to streamline the review of new chemicals that could be used to displace cu...",3,FALSE
"Third, in January 2024 EPA proposed a rule to implement Congress’ requirement for a Waste Emissions Charge..",3,FALSE
All three selected applicants surpassed the program requirement of dedicating a minimum of 40% of capital to low-income and disadvantaged communities..,3,TRUE
"As part of President Biden’s Investing in America agenda, the US Environmental Protection Agency and the US Department of Energy today released a Funding Opportunity Announcement (FOA) for up to $...",3,TRUE
"Today, the US Environmental Protection Agency (EPA) announced the availability of $50 million in grant funding from President Biden’s Bipartisan Infrastructure Law to help states, Tribes and terri...",3,TRUE
"The new program builds on the success of EPA’s Ports Initiative and the Diesel Emissions Reduction Act programs, which have invested over $196 million to implement 207 diesel emissions reduction p...",3,TRUE
I am especially proud that EPA has secured commitments from today’s awardees that over 70 percent of the capital – over $14 billion – will go to low-income and disadvantaged communities..,3,FALSE
The Climate Pollution Reduction Grants program created under the Inflation Reduction Act — the largest climate investment in history — is enabling community-driven solutions to the climate crisis ...,3,FALSE
"EPA’s $5 billion Clean School Bus Program, created by President Biden’s Bipartisan Infrastructure Law, includes both a grant program where selected applicants are awarded funds to purchase buses, ...",3,FALSE
"Background, , In 2019 and 2020, EPA awarded a total of  more than $110,000  and more than $3 million in cooperative agreement grants, respectively..",3,FALSE
EPA estimates that the grants will be awarded by fall 2024..,3,FALSE
"Prioritized school districts in low-income, rural, and/or Tribal communities make up approximately 86% of the projects selected for funding..",3,FALSE
Today’s announcement builds on $550 million announced last week for EPA’s new Environmental Justice Thriving Communities Grantmaking program and $100 million announced earlier this year for enviro...,3,FALSE
"Docket 4: Funding to Address Air Pollution, , EPA received over $300 million in funding to support the agency’s air quality mission by investing in a range of activities that will increase monitor...",3,FALSE
EPA recently announced the launch of the $3 billion Clean Ports Program to help tackle emissions from heavy-duty vehicles both in and out of US port communities..,3,FALSE
"GWA receives some grant funding from EPA for wastewater and drinking water projects, including $50 million in Bipartisan Infrastructure Law funding over the past two years..",3,FALSE
"EPA initiatives to protect children’s health include:, , EPA’s Clean Bus Program will invest $5 billion over the next 5 years to replace existing diesel school buses with zero-emission and low-emi...",3,FALSE
"The US Environmental Protection Agency (EPA) and the Philippines Department of Environment and Natural Resources (DENR) established a memorandum of understanding (MOU) on Tuesday, November 14, 202...",3,FALSE
"Climate United Fund’s program will focus on investing in harder-to-reach market segments like consumers, small businesses, small farms, community facilities, and schools—with at least 60% of its i...",3,FALSE
"Today, the US Environmental Protection Agency (EPA) announces the selection of 11 organizations expected to receive a total of approximately $2 million in funding to divert food waste from landfil...",3,FALSE
The funding opportunities were created under President Biden’s Inflation Reduction Act — the largest climate investment in history — and will advance environmental justice by reducing diesel pollu...,3,FALSE
"“Replacing older, more polluting diesel vehicles and equipment with cleaner new alternatives will reduce harmful diesel exhaust in nearby communities while supporting local economies.”, , A total ...",3,FALSE
"This section establishes a wide range of eligible applicants that includes individuals, state, local and Tribal Air pollution control agencies, and other public or nonprofit private agencies, inst...",3,FALSE
"In addition, EPA made available about $32 million for states and territories to improve solid waste management planning, data collection and implementation of plans..",3,FALSE
"The Grant Funding to Address Indoor Air Pollution at Schools Program, , EPA anticipates awarding four to six grants of $5 million to $8 million to support five years of school indoor air quality a...",3,FALSE
"Additionally, EPA recently announced the launch of the $3 billion Clean Ports Program to help tackle emissions from ports, including the movement of heavy-duty vehicles both in and out of communit...",3,FALSE
The US Environmental Protection Agency (EPA) and the US Department of Energy (DOE) announced a Notice of Intent (NOI) today to make funds available to help measure and reduce methane emissions fro...,3,FALSE
"Achieve a private capital mobilization ratio of nearly 7 times, with every dollar in grant funds leveraged for almost seven dollars in private funds over the next seven years—turning $20 billion o...",3,FALSE
"Tribes have a set-aside of $25 million, for grants up to $500,000 for a single Tribe or $1 million for groups of 2 or more..",3,FALSE
"Today, the US Environmental Protection Agency (EPA) announced initial public engagement and input opportunities for a subset of new and existing programs funded by President Biden’s Inflation Redu...",3,FALSE
The US Environmental Protection Agency on Thursday announced the availability of up to $32 million to address indoor air pollution in schools as part of President Biden’s Investing in America agen...,3,FALSE
"Investing in projects from our $30 billion pipeline and working with all community lenders, we and other award winners will prove that public-private investment delivers cheap, clean power fast to...",3,FALSE
"GHG Corporate Reporting, , Funding includes $5 million to enhance standardization and transparency of corporate climate action commitments and plans to reduce greenhouse gas emissions, enhance tra...",3,FALSE
"Today’s investments are just the beginning – they will be multiplied seven times over to turbocharge our transition to a clean energy economy,” said US Senator Chris Van Hollen, who first introduc...",3,FALSE
"Funds are slated to support the purchase of approximately 2,700 buses, 95% of which will be electric..",3,FALSE
"EPA received $41.5 billion in appropriations to develop and support 24 new and existing programs that monitor and reduce greenhouse gas emissions and air pollution, protect health and advance envi...",3,FALSE
"Today, March 14, the US Environmental Protection Agency (EPA) announced nearly $1.2 million, in funding to 16 college student teams to research and develop innovative solutions that address enviro...",3,FALSE
"And they will dedicate over $14 billion of capital—over 70% of the selections for awards announced today—toward low-income and disadvantaged communities, making the Greenhouse Gas Reduction Fund t...",3,FALSE
"Today, the US Environmental Protection Agency (EPA) announced a direct award of $8.8 million through President Biden’s Investing in America Agenda to Northeast States for Coordinated Air Use Manag...",3,FALSE
"In April 2023, EPA announced the availability of at least $400 million for its 2023 Clean School Bus Grants through a Notice of Funding Opportunity..",3,FALSE
"Additionally, the Inflation Reduction Act statute requires that at least $400 million of the program’s funding go to projects that will serve one or more communities dealing with significant pollu...",3,FALSE
"Today, April 22, as the Biden-Harris Administration celebrates Earth Day, the US Environmental Protection Agency announced 60 selectees that will receive $7 billion in grant awards through the Sol...",3,FALSE
EPA is prioritizing environmental justice by ensuring nearly half of the funds announced today will be awarded to projects or recipients located in underserved communities..,3,FALSE
"In 2023, under the first phase of the $5 billion program, EPA provided $250 million in grants to 45 states, the District of Columbia, Puerto Rico, 82 metropolitan statistical areas, four territori...",3,FALSE
"“With nearly $1 billion in investment already made, school districts in rural and urban America have eagerly taken advantage of this program..",3,FALSE
"DOCKET 2: Transportation Programs, , EPA received $4 billion for two new programs to reduce emissions from the transportations sector..",3,FALSE
"About the Clean School Bus Program, , EPA’s Clean School Bus Program was created under President Biden’s Bipartisan Infrastructure Law and provides an unprecedented $5 billion of funding to transf...",3,FALSE
"With today’s announcement, EPA’s Clean School Bus Program has awarded nearly $2 billion and funded approximately 5,000 electric and low-emission school buses nationwide..",3,FALSE
"Of this funding, $15 million is dedicated towards new competitive grants for reclaim and innovative destruction technologies, $20 million is dedicated to EPA to carry out the AIM Act, and $3.5 mil...",3,FALSE
"Today, April 24, the US Environmental Protection Agency announced the launch of the nearly $1 billion Clean Heavy-Duty Vehicles Grant Program to fund the replacement of certain polluting heavy-dut...",3,FALSE
EPA anticipates approximately 70% of available funding will be for projects under the School Bus Sub-Program and approximately 30% of available funding will be for projects under the Vocational Ve...,3,FALSE
"Recently, the 2021 Bipartisan Infrastructure Law provided the largest EPA investment in recycling in 30 years, supporting improvements to waste management systems and programs..",3,FALSE
"Dedicate over $14 billion toward low-income and disadvantaged communities, including over $4 billion for rural communities as well as almost $1.5 billion for Tribal communities—ensuring that progr...",3,FALSE
"Through the 2024 Diesel Emissions Reduction Act Tribal and Territory Grants Notice of Funding Opportunity, EPA anticipates awarding approximately $9 million in total DERA funding to eligible appli...",3,FALSE
"Given the overwhelming demand and large number of high-scoring applications, including applicants in low-income communities, EPA has nearly doubled the amount of funding that will be awarded this ...",3,FALSE
"The National Trust Community Investment Corporation, Appalachian Community Capital’s partner, recently led the charge on a $5.7 million sustainable rehabilitation of the historic National Guard Ar...",3,FALSE
The US Environmental Protection Agency on Tuesday announced the selection of nine grant applicants to receive an expected $10.67 million in funding to enhance wildfire smoke preparedness and prote...,3,FALSE
"Just this past year in September, EPA selected 25 communities to receive grants totaling more than $73 million under the newly created Solid Waste Infrastructure for Recycling funding opportunity..",3,FALSE
"States, , Under the formula-based program for planning grants, the governments of all states, the District of Columbia, and Puerto Rico are eligible for up to $3 million..",3,FALSE
"Today, the US Environmental Protection Agency (EPA) announced Phase Two winners of the Cleaner Indoor Air During Wildfires Challenge..",3,FALSE
This area is anticipated to complement efforts currently being undertaken by states through recently announced formula grants..,3,FALSE
"The US Environmental Protection Agency (EPA) today announced settlements with Canadian-based Crescent Point Energy US Corp. (Crescent Point) and Houston, Texas-based EP Energy E & P Company, L.P. ...",3,TRUE
"Today, The US Environmental Protection Agency (EPA), the Justice Department and the Commonwealth of Massachusetts announced a settlement agreement with the City of Lowell, Massachusetts, requiring...",3,TRUE
"Today, April 10, The Environmental Protection Agency (EPA) and the US Department of Justice reached a settlement with Colonial Oil Industries Inc., that will require the company to pay a civil pen...",3,FALSE
"The combined penalties paid in these cases against Combs Investment Property, LP; Waysmos USA, Inc.; and Nature Gas Import and Export Inc., exceed $500,000..",3,FALSE
"The Environmental Protection Agency (EPA) and Justice Department today announced that Swinerton Builders has agreed to pay a $2.3 million penalty – divided between the United States, Alabama Depar...",3,FALSE
"The EP Energy settlement resolves similar violations across 246 production facilities and requires the company to pay a civil penalty of $700,000, take extensive measures to ensure future complian...",3,FALSE
"EP Energy emerged from bankruptcy on October 1, 2020, and the United States and Utah previously resolved alleged violations subject to a proof of claim in the bankruptcy court for $100,000..",3,FALSE
"The Justice Department, Environmental Protection Agency (EPA), California Air Resources Board (CARB) and the California Attorney General’s office today released the details of a proposed settlemen...",3,FALSE
The Crescent Point settlement requires the company to pay a civil penalty of $3 million for violations of requirements to control volatile organic compound (VOC) emissions from storage tanks at 30...,3,FALSE
"Apache will also spend over $1 million to offset the harm caused by the alleged violations by replacing, on an accelerated schedule, more than 400 pollutant-emitting pneumatic devices with non-emi...",3,FALSE
"Since it began in 2008, the GreenChill Store Certification Program has issued more than 4,400 annual certifications to over 1,300 individual stores..",3,TRUE
"Hillphoenix (Conyers, Ga.) achieved this recognition for the 11th consecutive year as the commercial systems manufacturer with the most systems installed in GreenChill Certified Stores in the last...",3,FALSE
"Hannaford – The Turner, Maine, store achieved GreenChill Store Certification for 10 consecutive years..",3,FALSE
"In 2022, there were nearly 900 GreenChill Certified Stores throughout the nation..",3,FALSE
"Weis Markets – The Danville, Pennsylvania, store achieved GreenChill Store Certification for five consecutive years..",3,FALSE
"Meijer – The Marysville, Ohio, store achieved GreenChill Store Certification for five consecutive years..",3,FALSE
"Store Recertification Excellence, , ALDI – A total of 109 locations across California, Connecticut, Georgia, Maryland, Massachusetts, Michigan Minnesota, New Hampshire, New Jersey, New York, Ohio,...",3,FALSE
"Since GreenChill launched in 2007, many food retailers have joined the Corporate Emissions Reduction Program (the Partnership) with the number of stores nearly tripling from 4,500 to more than 13,...",3,FALSE
"Publix Super Markets – Five locations in Alabama, North Carolina, and South Carolina achieved five-year recertifications..",3,FALSE
"On average, GreenChill food retailers maintain emissions rates that are approximately half the industry average, resulting in a significant benefit to the environment..",3,FALSE
"Store Certification Excellence, , ALDI (Batavia, Ill.) earned recognition for certifying 628 GreenChill Certified Stores over the past year, more stores than any supermarket chain has previously a...",3,FALSE
"First released in 2009, EPA’s list of cities with the most ENERGY STAR certified buildings shows how buildings across America are embracing energy efficiency as a simple and effective way to save ...",3,TRUE
"Coming in at first place for the fourth year in a row, Los Angeles leads with nearly 750 ENERGY STAR certified buildings..",3,FALSE
"Nearly 2.5 million energy-efficient new homes and apartments have earned ENERGY STAR certification to date, and about 10% of all US homes built in America earned the ENERGY STAR label last year..",3,FALSE
"Today, March 14, 2024, the US Environmental Protection Agency recognized 103 US manufacturing plants that earned the agency’s ENERGY STAR certification in 2023, a designation reserved for manufact...",3,FALSE
"Nissan North America, Inc., replaced more than 20,000 light fixtures with LEDs across all US manufacturing sites and conducted a combination of energy treasure hunts and third-party assessments ta...",3,FALSE
"Since 1992, ENERGY STAR and its partners helped American families and businesses avoid more than $500 billion in energy costs and achieve more than 4 billion metric tons of greenhouse gas reductio...",3,FALSE
ENERGY STAR certified buildings use an average of 35% less energy and are responsible for 35% less carbon dioxide emissions than typical buildings..,3,FALSE
More than 270 plants have achieved ENERGY STAR certification since 2006..,3,FALSE
ENERGY STAR certified buildings use an average of 35% less energy and are responsible for 35% fewer greenhouse gas emissions than typical buildings..,3,FALSE
"To develop the 1–100 ENERGY STAR score for vehicle dealerships, EPA relied on 2019 data from an industry survey conducted by the National Automobile Dealers Association..",3,FALSE
The assessment showed that the rule would reduce the number of people who have elevated air toxics-related cancer risk by 96% in those communities – and the final delivers those reductions..,3,FALSE
"In 2036 alone, the year the final reduction step is made, this rule is expected to prevent emissions of the equivalent of 171 million metric tons of carbon dioxide (CO2) – roughly equal to the ann...",3,FALSE
"Compliance with this robust settlement will result in annual reductions of more than 9,650 tons of Volatile Organic Compounds (VOCs) and 900 tons of methane, which equates to more than 25,000 tons...",3,FALSE
"In 2023, sources in both the Cross-State Air Pollution Rule annual program and the Acid Rain Program together emitted 0.65 million tons of SO2, a reduction of 11.2 million tons from 1995 levels..",3,FALSE
The total emission reductions of the proposal from 2022 to 2050 are projected to amount to the equivalent of 4.7 billion metric tons of CO2 – nearly equal to three years of US power sector emissio...,3,FALSE
"By slashing over 6,200 tons of toxic air pollutants annually and implementing fenceline monitoring, this addresses health risks in surrounding communities and promotes environmental justice in sta...",3,FALSE
"The regulatory impact analysis projects reductions of 1.38 billion metric tons of carbon pollution overall through 2047, which is equivalent to preventing the annual emissions of 328 million gasol...",3,FALSE
"While complying with programs to reduce SO2, NOx, and mercury, power plants reduced their CO2 emissions by 28% between 1995 and 2023..",3,FALSE
These commonsense standards will slash the source of a fifth of the nation’s carbon footprint..,3,FALSE
"Additionally in 2023, sources in these programs together emitted 0.64 million tons of NOx, a 5.2-million-ton reduction from 1995 levels..",3,FALSE
"These standards will avoid more than 7 billion tons of carbon emissions and provide nearly $100 billion of annual net benefits to society, including $13 billion of annual public health benefits du...",3,FALSE
"Over time, these rules will prevent more carbon pollution than the entire US economy coughs up in a year..",3,FALSE
Roughly half of this improvement resulted from units more effectively operating their existing controls and half resulted from increased utilization of more highly controlled units..,3,FALSE
"Accordingly, a reduction of 900 tons of annual methane reductions equates to more than 25,000 tons of CO2, akin to eliminating the use of more than 2.5 million gallons of gasoline annually..",3,FALSE
"The final rule is expected to avoid 7.2 billion tons of CO2 emissions through 2055, roughly equal to four times the emissions of the entire transportation sector in 2021..",3,FALSE
This project will reduce VOC emissions by approximately 370 tons per year as a result of installing emission control devices at uncontrolled facilities..,3,FALSE
"Additionally, ozone season (May 1 to September 30) NOX emissions decreased by 9% nationwide and 18% for the 10 states implementing the Good Neighbor Plan..",3,FALSE
"Compared to the existing MY 2026 standards, the final MY 2032 standards represent a nearly 50% reduction in projected fleet average GHG emissions levels for light-duty vehicles and 44% reductions ...",3,FALSE
"""Race is the No. 1 indicator for where toxic and polluting facilities are today.""",3,FALSE
"In fact, the transition would result in up to 110,000 fewer deaths and $1.2 trillion in public health benefits across the United States by 2050..",3,FALSE
Most U.S. households are currently food secureExit EPA’s website.,3,FALSE
"Radon remains a prominent health hazard in the United States, with millions of residences exhibiting elevated levels..",3,FALSE
"About 3.3 million homes in the US have children less than six years of age facing one or more lead-based paint hazards, including over 2 million low-income households..",3,FALSE
"Tens of millions of homes have already been tested, and millions of homes with high radon levels have been fixed..",3,FALSE
"“EPA estimates that in 2032, the nation will see 4,500 fewer premature deaths, 290,000 fewer lost workdays, 800,000 fewer cases of asthma symptoms and 2,000 fewer emergency department visits from ...",3,FALSE
"As the leading cause of lung cancer among non-smokers, radon accounts for approximately 21,000 lung cancer deaths annually..",3,FALSE
"In 2020 alone, reductions in air pollution prevented more than 230,000 premature deaths, 200,000 heart attacks, 120,000 emergency room visits, and 17 million lost workdays.",3,FALSE
More than 34 million homes in the US have lead paint somewhere in the building..,3,FALSE
"“Studies estimate that residential wood smoke emissions account for 10,000 – 40,000 premature deaths annually in the United States,” said Joseph Goffman, Principal Deputy Assistant Administrator f...",3,FALSE
Three key impacts of climate change are described in this section. A growing concentration of people live in the nation’s coastal areas.,3,TRUE
"For more specific examples of climate change impacts in your region, please see the National Climate AssessmentExit EPA’s website. Agriculture contributed more than $1.",3,TRUE
"“Since 1961, Africa has witnessed a one-third reduction in agricultural productivity due to climate change.”",3,FALSE
"Global warming will result in ""more evaporation"" and more rain in ""more places,"" and that's ""surely gotta shrink the deserts and expand the green growth.""",3,FALSE
“Every single county in New York has experienced a federal climate disaster between 2011-2021.”,3,FALSE
The continued melting of ice caps due to human-caused climate change could release long-dormant bacteria and viruses able to infect their targets,3,FALSE
"Some communities, including Boston, Houston, and Orlando, are seeing twice as many tidal flooding days each year as they did 20 years ago.",3,FALSE
Agricultural workers face several climate-related health risks.,3,FALSE
"The forest-products industry employs over 900,000 people in the United States.",3,FALSE
"For example, scientists predict that some areas, such as the Bering Sea, will see more kinds of fish as warming waters drive populations north.",3,FALSE
"Communities on the coasts also support more than 58 million jobs in the fishing, tourism, real estate, defense, and other industries.",3,FALSE
Climate Change Indicators in the United States: Health and Society. Centers for Disease Control and Prevention (CDC)Exit EPA’s website.,3,FALSE
"By 2050, up to $106 billion worth of coastal property will likely be below sea level if current trends continue. U.S. coastal counties face permanent inundation and flooding threats from sea level...",3,FALSE
"About 30% of all first responders develop depression, anxiety, or post-traumatic stress disorder after responding to a natural disaster or extreme weather event.",3,FALSE
"In vulnerable regions, the death rate from extreme weather events in the last decade was 15 times higher than in less vulnerable ones.",3,FALSE
"Most hired crop farmworkers are not migrant workers; instead, they work at a single location within 75 miles of their homes.",3,FALSE
Energy systems on both the Gulf and East Coasts face more risk of damage from flooding due to hurricanes and sea level rise.,3,FALSE
"For example, federal agencies that manage the nation’s natural resources are now considering climate change in polices and planning.",3,FALSE
"Rising temperatures and carbon dioxide concentrations may increase some crop yields, but the yields of major commodity crops (such as corn, rice, and oats) are expected to be lower than they would...",3,FALSE
Rising water and air temperatures have already forced some nuclear plants to temporarily close to lower the risk of overheating.,3,FALSE
The number of people employed in the transportation sector in 2020 represents 10% of the U.S. workforce.,3,FALSE
It also generates over $200 billion a year in sales and makes up about 6% of the U.S. manufacturing gross domestic product.,3,FALSE
The WHO conservatively projects 250 000 additional yearly deaths by the 2030s due to climate change impacts on diseases like malaria and coastal flooding.,3,FALSE
"Since early 2020, the U.S. Southwest has been experiencing one of the most severe long-term droughts of the past 1,200 years.",3,FALSE
"As the climate changes, average and extreme temperatures are increasing,9, 10 along heat waves.",3,FALSE
"Older adults, pregnant women, and children are at particular risk, as are people living in urban areas because of the additional heat associated with urban heat islands.",3,FALSE
"Increases in average and extreme temperatures and heat waves are expected to lead to more heat illnessesExit EPA’s website and deaths among vulnerable groups, including people with disabilities.",3,FALSE
"There are over two million farms in the United States, and more than half the nation’s land is used for agricultural production.",3,FALSE
"For example, rising temperatures, drought, and reduced snowfall are putting more pressure on water supplies in the Southwest.",3,FALSE
"Children, including adolescents under the age of 18, are often more vulnerable than the general population to the health impacts of climate change because:.",3,FALSE
The New York City metro area provided extra bus service after Superstorm Sandy to make up for flooded subway and commuter tunnels.,3,FALSE
"Summarizes climate change impacts, adaptation strategies, and mitigation strategies with a focus on ecosystems. EPA’s Report on Seasonality and Climate Change.",3,FALSE
Among the many examples cited by the 2018 National Climate AssessmentExit EPA’s website are an increase in heat waves and days with temperatures above 90°F; more extreme weather events such as sto...,3,FALSE
These zones are expected to increase in number and size as the ocean warms and heavier rains wash more nutrient-laden runoff into coastal waters.,3,FALSE
"With the poorest people largely uninsured, health shocks and stresses already currently push around 100 million people into poverty every year, with the impacts of climate change worsening this tr...",3,FALSE
"For example, the stress caused by rising water temperatures and ocean acidification could cost the shellfish industry hundreds of millions of dollars.",3,FALSE
Harmful algal blooms already cost the country nearly $1 billion each year from the loss of recreational fishing and boating revenue.,3,FALSE
"For example, many states are upgrading and protecting their energy infrastructure from extreme weather.",3,FALSE
"At the same time, some urban areas are experiencing repeated flooding from heavy rains that overwhelm drainage systems.",3,FALSE
"They also breathe at a faster rate, increasing their exposure to dangerous air pollutants. Children tend to spend more time outdoors than adults, increasing their exposure to heat and cold, rain a...",3,FALSE
"One study found that compared to men, women were at increased risk for PTSD and other mental health effects after a disaster.",3,FALSE
"Climate change can have pros and cons for U.S. shipyards, which support around $40 billion in gross domestic product.",3,FALSE
Many cities already experience urban heat islands.,3,FALSE
"With 2°C (3.6°F) of global warming, Hispanic and Latino individuals are 43% more likely to currently live in areas with the highest projected reductions in labor hours due to extreme temperatures..",3,FALSE
Three key impacts are described in this section. More than 100 million people in the United States live in areas with poor air quality.,3,FALSE
A 2023 EPA report quantifies projected health effects to children from climate change.,3,FALSE
"Even without the impacts of climate change, the United States’ water supply has begun to diminish.",3,FALSE
"In some coastal areas, more flooding is occurring as the sea level rises.",3,FALSE
"For example, a large heat wave off the West Coast in 2014 shut down crab fisheries and starved baby sea lions. Commercial and recreational marine fisheriesExit EPA’s website in some regions are at...",3,FALSE
"More than 60,000 miles of roads and bridges are located in U.S. coastal floodplains.",3,FALSE
"In the West, warmer temperatures and changes in precipitation are reducing snowpack.",3,FALSE
"In contrast, the Northeast and Southeast may experience more extreme storms and heavy rains, which can put aging water infrastructure (such as dams, sewers, and water treatment facilities) at risk...",3,FALSE
"In fact, more than three-fourths of all trade involves marine transportation. Damage to the coasts, such as from hurricanes and flooding, has negative impacts on the economy.",3,FALSE
It further reveals that 3. billion people already live in areas highly susceptible to climate change.,3,FALSE
"By 2050, up to $106 billion worth of coastal property will likely be below sea level if current trends continue. More intense rains.",3,FALSE
"For example, childhood disability has been rising in recent years, with the rates highest among American Indian and Alaska Native children and those living in poverty. As the climate changes, some...",3,FALSE
"Intense, single-day rainstorms are rising, increasing the risk of urban flooding, especially in areas with a lot of paved surfaces.",3,FALSE
Coastal counties produce more than $9.,3,FALSE
Forests and woodlands cover more than 822 million acres of land in the United States—about 36% of the country’s total land.,3,FALSE
"Increases in average and extreme temperatures are expected to lead to more heat illnesses and deaths among vulnerable people, including pregnant women.",3,FALSE
Among the health impacts cited by the 2018 National Climate AssessmentExit EPA’s website are the following:.,3,FALSE
"There were more than 75 million older adults (60 years or older) in the United States in 2019, making up over one-fifth of the population.",3,FALSE
"Mold, dust mites, bacteria, and other indoor pollutants may increase as climate change-related precipitation and storms increase.",3,FALSE
"For example, a disproportionate number of flood-related deaths from Hurricane Katrina were older adults. Not everyone will be able to prepare for or respond equally to climate change threats in co...",3,FALSE
"For instance, Native American/Alaska Native infants are hospitalized more for diarrheal disease than infants in the general U.S. population—often due to a lack of safe and reliable drinking water.",3,FALSE
"Yet, elsewhere, communities are relocating entirely; members of the Isle de Jean Charles Band of the Biloxi-Chitimacha-Choctaw Tribe are planning to resettle inland after losing 98% of their triba...",3,FALSE
These shifts are projected to result in losses of hundreds of millions of dollars each year by the year 2100.,3,FALSE
"Climate change impacts to coastal communities affect not only human health, but also properties, infrastructure, and services. More than $1 trillion worth of property is located within 700 feet of...",3,FALSE
"Consolidates all federal resources that present information, tools, or strategies on managing heat-related illnesses. AirNow Air Quality Index.",3,FALSE
"Transportation systems are also vulnerable to multiple climate change stressors, including extreme temperatures and heavy precipitation.",3,FALSE
Pacific island communities are already experiencing saltwater contamination of groundwater systems due to sea level rise.,3,FALSE
"By 2050, up to $106 billion worth of coastal property will likely be below sea level if current trends continue.",3,FALSE
"In 2010, heat stress lowered annual U.S. dairy production by an estimated $1.",3,FALSE
"Natural disasters and droughts can also lead to more tobacco and alcohol use, as well as domestic violence., 29 In addition, heat overall has been linked to increases in violence. For more specifi...",3,FALSE
"As a result, thousands of sea lion pups starved. Decreases in commercial fishing harvests.",3,FALSE
"For example, populations of Chinook and chum salmon hit record lows in 2021, leading to the closure of subsistence salmon fishing for much of the year.",3,FALSE
"Without preventive actions, deaths from such diseases, currently over 700 000 annually, may rise.",3,FALSE
"In 2015, urban areas contributed about 91% of the United States’ gross domestic product (GDP).",3,FALSE
This “business as usual” scenario is projected to cause hundreds of billions of dollars of damage per year by 2090.,3,FALSE
EPA published revised factsheets on climate change to explain its impacts on maternal and children’s health..,3,FALSE
"Some communities, including Boston, Houston, and Orlando, are seeing twice as many tidal flooding days each year as they did 20 years ago. Impacts to coastal ecosystems.",3,FALSE
"More than 60,000 miles of U.S. roads and bridges in coastal areas are at risk of flooding and damage from climate-change-related sea level rise.",3,FALSE
"It threatens our health and environment — affecting approximately 63 million Americans and posing particular risks to infants, children, pregnant individuals, seniors, communities of color, and pe...",3,FALSE
"However, scientific advances progressively allow us to attribute an increase in morbidity and mortality to global warming, and more accurately determine the risks and scale of these health threats...",3,FALSE
"From 1932 to 2016, Louisiana lost more than 2,000 square miles of land area, mostly wetlands, in part due to rising sea levels.",3,FALSE
"These learning losses can affect future income, with potential losses across cohorts of graduating students reaching billions of dollars annually (and in the thousands of dollars per individual)..",3,FALSE
"They also recover in a few days to a week. Trauma from extreme weather events can cause psychological stress, worsen mental illnesses, and add emotional stress for pregnant and postpartum women.",3,FALSE
Extreme heat is already the leading cause of weather-related deaths in the United States.,3,FALSE
"In 2019, there were more than 41 million U.S. adults living with a disability.",3,FALSE
"Climate change impacts affect the livelihoods of millions of Americans, including fishers, loggers, ranchers, and farmers.",3,FALSE
"Between 2030 and 2050, climate change is expected to cause approximately 250 000 additional deaths per year, from undernutrition, malaria, diarrhoea and heat stress alone.",3,FALSE
"The marine economy also generated $397 billion in gross domestic product (GDP), which was 1.% of the national GDP. Commercial fisheries are an important contributor to the economy.",3,FALSE
Many cities are already dealing with multiple impacts from climate change.,3,FALSE
The city is elevating some buildings to protect them from climate change.,3,FALSE
"When temperatures rise, the carrying capacity of transmission lines decreases.",3,FALSE
"Certain immigrant groups and communities of color have a greater incidences of kidney disease, diabetes, and chronic obstructive pulmonary disorder (COPD).",3,FALSE
"For example, infants living on the Fort Apache reservation in Arizona have had higher hospitalization rates for diarrheal disease than infants in the general U.S. population. Increasing water temp...",3,FALSE
This rises to 59% under 4°C of global warming..,3,FALSE
"A new EPA analysis released today shows that the most severe harms from climate change fall disproportionately upon underserved communities who are least able to prepare for, and recover from, hea...",3,FALSE
"In fact, while coastal counties make up only 10% of the nation’s land mass (excluding Alaska), they are home to 40% of the population.",3,FALSE
"In addition, many groups of urban residents live with high levels of air pollution.,28 Black and African American individuals are 34% more likely to live in areas with the highest projected increa...",3,FALSE
"In addition, urban lands are worth trillions of dollars.",3,FALSE
"For example, many government agencies already use the national public warning systemExit EPA’s website to communicate extreme weather threats.",3,FALSE
America’s East Coast is projected to see a 20% to 30% decrease in fish harvests by 2060.,3,FALSE
Damage to coral reefs due to climate change is projected to result in $140 billion in total lost revenues to the U.S. recreation industry by 2100.,3,FALSE
A 2021 EPA report examines the degree to which certain socially vulnerable populations may be more exposed to the highest impacts of climate change. A number of climate-related hazards threaten th...,3,FALSE
"Exposure to extreme or prolonged heat can cause exhaustion, heat stroke, kidney and heart disease, and pregnancy complications.,10 In fact, extreme heat is already the leading cause of weather-rel...",3,FALSE
"Atmospheric warming has the potential to increase ground-level ozone in many regions, which can cause multiple health issuesExit EPA’s website (e.g., bronchitis, emphysema, and asthma) and worsen ...",3,FALSE
"The marine economy generated over $665 billion in sales in 2019, with tourism and recreation, including recreational fishing, making up more than one-third of that total.",3,FALSE
"For example, more than 25 million Americans have disabilities that make traveling outside their home difficult.",3,FALSE
"In some areas, less snow is falling, as more precipitation is falling as rain rather than snow., 5 Higher temperatures are also causing snowpack to melt earlier.",3,FALSE
"About 85% of Americans live in metropolitan areas, and that number is projected to grow over the next 100 years.",3,FALSE
"Rising temperatures and carbon dioxide concentrations may increase some crop yields, but the yields of major commodity crops (such as corn, rice, and oats) are expected to be lower than they would...",3,FALSE
Many coastal cities and counties are focusing on land use planning to encourage smart growth and reduce the impacts of climate change.,3,FALSE
"With regards to transportation, Hispanic and Latino individuals are about 50% more likely to currently live in areas with the highest estimated increases in traffic delays due to increases in coas...",3,FALSE
"Marine regions, like the ocean and estuariesExit EPA’s website, have more salt than freshwaters like lakes, rivers, streams, and ponds.",3,FALSE
Food service makes up the largest share of these jobs at 13 million.,3,FALSE
Heat-related deaths among those over 65 have risen by 70% in two decades.,3,FALSE
"For example, the Isle de Jean Charles Band of Biloxi-Chitimacha-Choctaw tribe in Louisiana has lost 98 percent of its land mass.",3,FALSE
"Climate change is directly contributing to humanitarian emergencies from heatwaves, wildfires, floods, tropical storms and hurricanes and they are increasing in scale, frequency and intensity. Res...",3,FALSE
"When including the coast of the Great Lakes, more than 128 million people live in coastal counties.",3,FALSE
"Increases in average and extreme temperatures and heat waves are expected to lead to more heat illnessesExit EPA’s website and deaths among vulnerable groups, including certain socially vulnerable...",3,FALSE
All U.S. regions are experiencing the impacts of climate change but impacts vary by area and ecosystem.,3,FALSE
Energy use in commercial and residential buildings accounts for one-third of US greenhouse gas emissions..,3,FALSE
The oil and natural gas sector is the largest industrial source of methane emissions in the United States..,3,FALSE
Methane accounts for 12% of all US greenhouse gas emissions from human activities..,3,FALSE
"Petroleum and natural gas systems were the second largest stationary source of emissions, reporting 316 million metric tons of greenhouse gas emissions..",3,FALSE
"At the same time, heavy-duty vehicles account for 25 percent of all greenhouse gas emissions from the transportation sector, which is itself the single largest source of greenhouse gas emissions i...",3,FALSE
"In the United States, the transportation sector is the largest source of greenhouse gas emissions, and a leading source of health-harming pollution..",3,FALSE
"The Organisation for Economic Co-operation and Development estimates that in 2019, plastic products were responsible for 3.4% of global greenhouse gas emissions throughout their life cycles, with ...",3,FALSE
"Oil and natural gas operations are the nation’s largest industrial source of methane, a climate “super pollutant” that is many times more potent than carbon dioxide and is responsible for approxim...",3,FALSE
"The energy sector is the largest emitter of greenhouse gases into the atmosphere, contributing to climate change.",3,FALSE
"Pound for pound, methane is approximately 28 times more powerful than carbon dioxide in terms of its impact on global warming..",3,FALSE
"The data show that in 2022:, , Power plants were the largest stationary source of US greenhouse gas emissions, with 1,332 facilities emitting approximately 1.6 billion metric tons of carbon dioxide..",3,FALSE
Methane is a climate “super pollutant” that is more potent than carbon dioxide and responsible for approximately one third of the warming from greenhouse gases occurring today..,3,FALSE
"More than 8,100 direct emitters and suppliers report GHG data to GHGRP..",3,FALSE
The state-level GHG Inventory provides annual emissions estimates from 1990 through 2019 and will be updated each year..,3,FALSE
Greta Thunberg's Message To PM Modi On Climate Crisis,3,FALSE
Covid-19 is a deliberate hoax designed to promote the climate change agenda.,3,FALSE
All English schoolchildren are taught geography until at least the age of 14 — many until 16 — and in geography they’re taught about climate change.,3,FALSE
Four Oxford schoolgirls have started a petition to make lessons on climate change compulsory in schools.,3,FALSE
A picture shows the aftermath of climate strikers in Hyde Park in London on 20 September.,3,FALSE
"The term “climate change” will now be “climate emergency.""",3,FALSE
"""I’m one of the first guys to introduce a climate change bill, way, way back in ‘87.""",3,FALSE
"""The vast majority of Americans believe that climate change is real and we need to do something about it.""",3,FALSE
"""In last week’s debate, Bernie questioned Hillary’s commitment to fighting climate change because a whopping 0.2 percent of the money given to our campaign has come from employees of oil and gas c...",3,FALSE
"""Nancy Mace denies climate change.""",3,FALSE
"""The White House removed its climate change web page. And the healthcare, civil rights and LGBT sections.""",3,FALSE
Social media users claimed that a weather report was using digital flames to exaggerate a heat wave.,3,FALSE
The Florida state Department of Education approved content that denies or minimizes the reality of anthropogenic climate change and compares climate science to Nazism as an optional supplement to ...,3,FALSE
U.S. Rep. Louie Gohmert asked whether the moon's orbit could be changed to help solve the issue of climate change.,3,FALSE
Activists with the climate group Extinction Rebellion have broken windows of banks in London as part of protest against financial institutions that support the fossil fuel industry.,3,FALSE
The Wisconsin Department of Natural Resources’ webpage regarding climate change’s potential effects on the Great Lakes was scrubbed of references to the word ‘climate’.,3,FALSE
A 1912 article warned coal burning can have a negative effect on climate,3,FALSE
"The Intergovernmental Panel on Climate Change's (IPCC) Sixth Assessment Report (AR6) concluded that climate risks are appearing faster and will become more severe sooner than previously expected, ...",3,FALSE
"Compared to 2022, the 2023 data show a 15% decrease in NOX emissions, a 24% decrease in SO2 emissions, a 7% decrease in carbon dioxide (CO2) emissions, and a 17% decrease in mercury emissions..",3,TRUE
"Nationwide, emissions for 2023 show the most significant emissions reductions since 2020..",3,TRUE
"There has been an overall long-term decreasing trend in industry GHG emissions since 2011, primarily driven by a decrease in emissions from power plants to lower emissions inputs such as natural g...",3,TRUE
"Net US greenhouse gas emissions were 5,489 million metric tons of carbon dioxide equivalent in 2022, a 1.3% increase in emissions from 2021..",3,TRUE
"This week, the US Environmental Protection Agency released its annual data on 2023 emissions from power plants in the lower 48 states..",3,TRUE
"Reported direct emissions from other large sources in the industrial and waste sectors were a combined 793 million metric tons of greenhouse gas emissions in 2022, down 1.8% from 2021, and down 9....",3,TRUE
"In 2022, reported emissions from large industrial sources were approximately 1% lower than in 2021..",3,TRUE
"DOCKET 3: Methane Emissions Reduction Program, , EPA received $1.55 billion to reduce methane emissions from the oil and gas sector by providing financial assistance (grants, rebates, contracts, l...",3,TRUE
"EPA received extensive feedback on the proposed rule, including over 175,000 public comments, testimony at public hearings, and engagement with stakeholder groups..",3,TRUE
The second program will provide $3 billion in grants to reduce air pollution at ports with at least $750 million going to areas not meeting air quality standards..,3,TRUE
"In 2018, Hurricane Florence produced record rainfall levels in North Carolina, causing catastrophic flooding in some areas.",3,TRUE
"Other businesses, such as grocery stores, tackle shops, and restaurants, also benefit from fishery-related products and services. As of 2019, almost 2. million Americans had jobs related to the oc...",3,TRUE
"This week, US District Court Judge James D. Peterson for the Western District of Wisconsin sentenced six Didion Milling Inc. officials – including a corporate vice president and former food safety...",3,TRUE
"In 2019, they produced 9. billion pounds of seafood valued at $5.",3,TRUE
"Today, the US Environmental Protection Agency (EPA) announced a settlement under the Agency’s Coal Ash (Coal Combustion Residuals) program with the Greenidge Generation LLC, an electrical generati...",3,TRUE
Temperatures are rising in all regions of the United States.,3,TRUE
"For instance, as of 2018, less than half of community-scale solar projects included households with lower incomes. We can reduce climate change’s impact on the energy sector in many ways, includin...",3,TRUE
EPA’s emergency fuel waiver will go into effect on May 1 when terminal operators would otherwise no longer be able to sell E15 in the affected regions of the country and will last through May 20 w...,3,TRUE
The direct damage costs to health (excluding costs in health-determining sectors such as agriculture and water and sanitation) is estimated to be between US$ 2–4 billion per year by 2030. Areas wi...,3,TRUE
"These efforts through GMI have resulted in methane emissions reductions of more than 540 million metric tons of carbon dioxide equivalent, equal to taking 115 million gasoline powered passenger ve...",3,TRUE
"In 2023, under the first phase of the $5 billion program, EPA made a total of $250 million in grants available to 45 states, the District of Columbia, Puerto Rico, 80 MSAs, four territories, and o...",3,TRUE
Most of the vehicles eligible for replacement are powered by internal combustion engines that pre-date recent EPA emission standards..,3,TRUE
"For example, many have already started assessing climate threats to their transportation infrastructure.",3,TRUE
"Oil and natural gas facilities are the nation’s largest industrial source of methane, a climate “super pollutant” that is many times more potent than carbon dioxide and is responsible for approxim...",3,TRUE
"In addition, human activities emit more than 100 times as much carbon dioxide as volcanoes each year. Over the last several hundred thousand years, carbon dioxide levels varied in tandem with the ...",3,TRUE
Climate-driven temperature increases are projected to result in 4% to 7% reductions in annual academic achievement per child..,3,TRUE
"“Today, we are announcing nearly $1 billion to fund clean school buses across the nation..",3,TRUE
"""Every major environmental organization has said ‘no’ to this new trade agreement because it does not even have the phrase ‘climate change’ in it.""",3,TRUE
"These upgrades will impact approximately 20,000 individuals across four communities within Navajo Nation..",3,TRUE
"I served, when I first got to the Senate, on the committee that’s responsible for the environment. Did you know, this administration took the word ‘science’ off the website? And then took the phra...",3,TRUE
"These impacts are especially likely to happen in low-lying areas such as Louisiana, Florida, and portions of California and the mid-Atlantic. As much of the U.S. water infrastructure nears the end...",3,TRUE
"“The Greenhouse Gas Reduction Fund is the single largest investment in clean energy and environmental justice in American history, based on proven green bank models that have been effectively enac...",3,TRUE
About 70 percent of the sunlight that reaches the earth is absorbed.,3,TRUE
"Today, the Environmental Protection Agency (EPA) and Justice Department announced that Holly Energy Partners-Operating L.P. and Osage Pipe Line Company LLC have agreed to pay $7.4 million in Clean...",3,TRUE
Recent research attributes 37% of heat-related deaths to human-induced climate change.,3,TRUE
An EPA study last fall estimated that these same buildings have the potential to cut their emissions by up to 63% by 2030 and up to 70% by 2035..,3,TRUE
"In 2020, U.S. energy exports exceeded total energy imports, as the United States was a net exporter of petroleum products, natural gas, and coal.",3,TRUE
"For example, energy disruptions from extreme weather damage to energy infrastructure have cost billions of dollars.",3,TRUE
"Many socially vulnerable groups live in industrial or urban areas with high levels of air pollution.,18 In fact, Black and African Americans individuals are 34% more likely than non-Blacks to live...",3,TRUE
"Today, Guam Waterworks Authority (GWA) agreed to a consent decree with the United States to improve the quality of its sewer system, estimated to cost approximately $400 million, to address unauth...",3,TRUE
"In many cities, buildings are the largest contributor of emissions — responsible for 30% to more than 70% of a city’s total emissions..",3,TRUE
Landfills are the third largest source of methane in the United States and EPA is tackling these sources as part of its National Enforcement and Compliance Initiative dedicated to Mitigating Clima...,3,TRUE
That testing of RAM trucks was done as follow-up on a 2015 EPA warning to manufacturers that the agency planned to conduct special testing to identify defeat devices using driving cycles and condi...,3,TRUE
"The RIN purchase and retirements is estimated to result in over 18,300 metric tons of carbon dioxide equivalent reductions which equates to powering 2,386 homes’ energy use or 4,355 gasoline cars ...",3,TRUE
"This historic agreement makes clear that the Justice Department will be aggressive in its efforts to hold accountable those who seek to profit at the expense of people’s health and safety.”, , “Cu...",3,TRUE
"In 2035 alone, the regulatory impact analysis estimates substantial health co-benefits including:, , Up to 1,200 avoided premature deaths, 870 avoided hospital and emergency room visits, 1,900 avo...",3,TRUE
"In the United States alone, it cuts short the lives of well over 100,000 people per year—a staggering toll..",3,TRUE
"Over the past year, EPA and CBP denied entry to approximately 25 shipments of illegal HFCs..",3,TRUE
The US Environmental Protection Agency’s Office of Enforcement and Compliance Assurance recently issued its Strategic Civil-Criminal Enforcement Policy to strengthen the partnership between EPA’s ...,3,TRUE
Administrator Regan and agency officials also signed more than 50 rules..,3,TRUE
"Says U.S. Sen. Ron Johnson ""doesn't even believe that there's a man-made role in climate change.""",3,TRUE
"Public Encouraged to Review and Comment in Six Public Dockets, , DOCKET 1: Climate Pollution Reduction Grants, , EPA received $5 billion to assist states, air pollution control agencies, Tribes an...",3,TRUE
"A 1922 newspaper article reported that ""radical change in climatic conditions"" was melting Arctic ice and disrupting wildlife.",3,TRUE
These levels of indoor air pollutants are of concern because most people spend about 90 percent of their time indoors..,3,TRUE
Nearly 8 million legacy diesel engines are in use in the United States and emissions from these engines are a significant source of health problems..,3,TRUE
"Recall and Repair Program, , Cummins sought all EPA and CARB emission certifications for the RAM trucks equipped with its engines, even though the trucks were sold by the RAM truck division of Fia...",3,TRUE
EPA has made it a national enforcement and compliance priority to address the illegal import of HFCs under the current phasedown and has settled five cases over the last several months with compan...,3,TRUE
"Nearly 4 million Americans live within 3 miles of these large facilities, which are disproportionately located in low-income communities and communities of color..",3,TRUE
"Current estimates indicate that on average, E15 is about $0.25 a gallon cheaper than E10..",3,TRUE
"While deforestation can increase the earth’s reflectivity globally by replacing dark trees with lighter surfaces such as crops, the net effect of all land-use changes appears to be a small cooling.",3,TRUE
Carbon dioxide: Human activities currently release over 30 billion tons of carbon dioxide into the atmosphere every year.,3,TRUE
"Climate change can also increase the frequency and severity of some extreme weather events, including heavy rainfalls.",3,TRUE
"Nonetheless, more than 7 million people get sick from diseases spread through water each year.",3,TRUE
"For this reason, pursuant to the Montreal Protocol and its Kigali Amendment, production and imports of HFCs are being phased down 85% from historical levels by developed countries by 2036..",3,TRUE
"In November, the agency announced 59 selectees to receive over $60 million in SWIFR grants for Tribes and Intertribal Consortia and 25 selectees to receive over $33 million in Recycling Education ...",3,TRUE
The 1 billion tons of greenhouse gas emissions avoided by these standards is equivalent to the emissions from more than 13 million tanker trucks’ worth of gasoline..,3,TRUE
The total emission reductions of the rule from 2022 to 2050 are projected to amount to the equivalent of 4.6 billion metric tons of CO2 – nearly equal to three years of US power sector emissions a...,3,TRUE
The U.S. Drought MonitorExit EPA’s website assesses droughts on a weekly basis.,3,TRUE
"In 2020, 770 million faced hunger, predominantly in Africa and Asia.",3,TRUE
The most recent National Climate AssessmentExit EPA’s website found that global efforts to reduce greenhouse gas emissions could avoid tens of thousands of deaths per year in the United States by ...,3,TRUE
"Since 2021, sales of these vehicles have quadrupled and prices continue to come down..",3,TRUE
"In 2020, wildfires burned over 10 million acres of land in the United States, the highest-ever amount on record.",3,TRUE
"There needs to be protections in the rule to ensure that environmental justice communities already overburdened by air pollution are not further burdened by this rule.”, , Today, Feb. 28, the US E...",3,TRUE
The US Environmental Protection Agency (EPA) is proposing its first rule under the American Innovation and Manufacturing (AIM) Act of 2020 to phase down the production and consumption of hydrofluo...,3,TRUE
The US Environmental Protection Agency is recognizing eight vehicle dealerships for being the first to earn EPA’s ENERGY STAR certification for superior energy performance..,3,TRUE
Heavy rainfalls associated with hurricanes increase as the climate warms.,3,TRUE
"Says ""Donald Trump says climate change is a hoax invented by the Chinese.""",3,TRUE
The five largest cities in the country accounted for 23% of the GDP.,3,TRUE
But millions of households with children experience food insecurity at times during the year.,3,TRUE
"During his first weeks in office, President Biden issued Executive Order 14008 on Tackling the Climate Crisis at Home and Abroad, which established the first-ever White House Environmental Justice...",3,TRUE
Storm surge from hurricanes already threaten dozens of power plants and refineries on the Atlantic and Gulf Coasts.,3,TRUE
"Within the first three weeks of launching the American Climate Corps, more than 40,000 people, about two-thirds of whom are ages 18-35, expressed interest in joining the initiative..",3,TRUE
"Even though cities only occupy about 1% to 5% of the land in North America, they produce 80 percent of all the greenhouse gases on the continent.",3,TRUE
"For example, flooding from extreme precipitation can cause billions of dollars of damage to transportation infrastructure in a single year.",3,TRUE
"Beyond agreeing to pay a $1.675 billion civil penalty – the largest ever assessed in a Clean Air Act case – Cummins has agreed to spend more than $325 million to remedy the violations, which inclu...",3,TRUE
"Former Environmental Manager Joseph Winch was sentenced to two years in prison, two years of supervised release and a $10,000 fine for conspiring to falsify Didion’s environmental compliance certi...",3,TRUE
"Together, these plants prevented more than 8 million metric tons of carbon dioxide emissions, equivalent to the emissions from the electricity use of more than 1.5 million American homes..",3,TRUE
"For instance, detours caused by closed or damaged bridges are three times longer in rural areas than elsewhere.",3,TRUE
Today’s action will cut over seven billion tons of climate pollution – that’s more than all US greenhouse gas pollution last year..,3,TRUE
"EPA conducted regulatory impact analyses for each rule, showing that this suite of standards will deliver hundreds of billions of dollars in net benefits..",3,TRUE
"However, earlier springs and milder winter weather can prolong growing seasons in many regions, increasing crop yields and revenues.",3,TRUE
The National Institute on Aging has prepared a list of 6 Tips on How Older Adults Can Prepare for a DisasterExit EPA’s website. Photo caption endnote:33.,3,TRUE
"Didion Vice President of Operations, Derrick Clark, was sentenced to two years in prison, a year of supervised release and a $5,000 fine..",3,TRUE
"In 2036 alone, the year the final reduction step is made, this rule is expected to prevent the equivalent of 187 million metric tons of carbon dioxide (CO2) emissions – roughly equal to the annual...",3,TRUE
EPA’s estimates show that plastic waste generation in the United States increased from 0.4% of total municipal solid waste generated in 1960 to 12.2% in 2018..,3,TRUE
"A former Canadian defense minister said aliens have visited earth and have technology that would solve climate change, but won't share it with humans because we are too destructive.",3,TRUE
"Over the past 16 years, GreenChill Partners have avoided emissions of around 599 metric tons of ozone-depleting substances and almost 110 million metric tons of carbon dioxide equivalent..",3,TRUE
Evidence shows rare night clouds are linked to human-caused climate change.,3,TRUE
A 2014 marine heatwave caused the death of many sea lions.,3,TRUE
EPA conducted an environmental justice analysis that determined overall reductions in greenhouse gas emissions from this rule would benefit populations that may be especially vulnerable to damages...,3,TRUE
The settlement document (consent decree) was filed together with the complaint in the US District Court for the District of New Mexico and requires the company to take numerous steps to ensure tha...,3,TRUE
"In 2018, Hurricane Florence produced record rainfall levels in North Carolina, causing catastrophic flooding in some areas. More tidal flooding days.",3,TRUE
Tidal flooding is increasing in some areas as sea levels rise.,3,TRUE
"Says Hillary Clinton and millennials have the same positions on climate change, abortion rights, immigration reform, gay rights and college affordability. ""Donald Trump doesn't.""",3,TRUE
"The fenceline monitoring provisions in the final rule are modeled on similar Clean Air Act requirements for petroleum refineries first established in 2015, which have been historically successful ...",3,TRUE
"EPA anticipates award of nine grants, ranging from approximately $350,000 to $2 million – totaling over $10 million..",3,TRUE
EPA conducted an environmental justice analysis that determined overall reductions in greenhouse gas emissions from this rule would benefit populations that may be especially vulnerable to damages...,3,TRUE
"“Methane is a climate super pollutant that is 25 times more potent than carbon dioxide, and landfills are the third largest sources of methane emissions in the United States,” said David M. Uhlman...",3,TRUE
"Also, in 2020, more than 14 million people worked in transportation or related industries, such as automotive manufacturing.",3,TRUE
"""70 per cent of Australia's trade [is] now with countries committed to net zero.""",3,FALSE
“Our national grid currently operates at 3 gigawatts …”,3,FALSE
“Almost a billion [people] have no access to clean cooking energy.”,3,FALSE
“It is not a secret that we [African countries] are paying at least five times as much as the advanced economies to borrow from financial markets.”,3,FALSE
“… 600 million Africans lack access to electricity.”,3,FALSE
The Morrison government cut climate spending by 35 per cent in the 2022 federal budget.,3,FALSE
[climate scientists] say that aspects of the case of Hurricane Harvey suggest global warming is making a bad situation worse.,3,FALSE
Northern Ireland is the only part of Europe that does not have climate change legislation.,3,FALSE
"Tackling global threats like terrorism and climate change — with global threats that don't stop at borders, strength in numbers through the EU keeps UK families safer and protects our future",3,FALSE
The climate change committee says that the Government is way off target with its climate change commitments and carbon targets.,3,FALSE
there is no scientific consensus that climate change global warming is real or caused by humans,3,FALSE
there is no definitive scientific proof through real-world observation that carbon dioxide is responsible for any of the slight warming of the global climate,3,FALSE
A 1912 newspaper article predicted coal-fueled climate change,3,FALSE
Says Republican U.S. Sen. Ron Johnson “called climate change ‘bull----’ during a record heatwave” and “raked in over $700k in fossil fuel cash.”,3,FALSE
“84% of all new electric capacity planned to come onto the electric grid this year is clean energy.”,3,FALSE
"“Over the past two years, climate and weather disaster damage has cost the U.S. over $400 billion.”",3,FALSE
"Says Joe Biden ""I passed one of the first climate change bills in the United States Senate in 1987.""",3,FALSE
"""The forest fires were so grotesque last year that we had the worst air in the world in Washington.""",3,FALSE
“The clothing industry contributes up to 10% of the pollution driving the climate crisis.”,3,FALSE
President-elect Trump has selected a climate change skeptic to head the team in charge of the transition between Obama and Trump’s Environmental Protection Agencies.,3,FALSE
A 14 August 1912 article from a New Zealand newspaper contained a brief story about how burning coal might produce future warming by adding carbon dioxide to the atmosphere.,3,FALSE
"""I said back in 1987"" that climate change is an existential threat.",3,FALSE
"The agency held a virtual public hearing and received about 700,000 written comments before finalizing today’s updated air quality standards..",3,FALSE
"Through the Justice40 Initiative, the Federal government is, for the first time in history, working to ensure that at least 40-percent of climate and clean energy investment benefits flow to disad...",3,FALSE
"A recent EPA report estimates these same buildings have the potential to cut their emissions by up to 63% by 2030 through a combination of energy efficiency, electrification, and clean energy, ena...",3,FALSE
"They will mobilize almost $7 of private capital for every $1 of federal funds, ensuring that each public dollar is leveraged for significant private-sector investment..",3,FALSE
"We are seeing strong EV sales growth, with almost five million EVs sold in the US Transportation electrification is no longer a question of ‘if’ but a question of ‘when..",3,FALSE
Colonial also sold over a million gallons of gasoline that failed to meet the applicable volatility standard which is intended to reduce evaporative emissions during the summer season from gasolin...,3,FALSE
Land-based sources account for up to 80% of plastic waste that pollutes waterways and oceans..,3,FALSE
Nuclear power accounts for about one-fifth of U.S. electricity production.,3,FALSE
"The agencies received 88 distinct public comments, including a sign-on letter from over 6,000 members from biotechnology developers, producers, manufacturers, non-governmental organizations and ac...",3,FALSE
"In 2023 alone, the Administration took nearly 100 actions, with coordination by the White House Methane Task Force, to bolster methane detection and reduce methane pollution from oil and gas opera...",3,FALSE
"Fossil fuels (petroleum, coal, and natural gas) accounted for nearly 80% of U.S. energy production—both electricity generation and energy consumed directly—in 2020.",3,FALSE
"If released into the atmosphere, these HFCs are the equivalent of 22,365 metric tons of carbon dioxide (“CO2”) or the same amount of CO2 produced from powering 4,414 homes with electricity for a y...",3,FALSE
Irrigation accounts for 70% of all groundwater withdrawals nationwide. More infrastructure failures.,3,FALSE
"Hundreds of independent and governmental scientific organizations have released similar statements, both in the United States and worldwide, including the World Meteorological OrganizationExit EPA...",3,FALSE
"This final rule under the Clean Air Act is the most significant update since MATS was first issued in February 2012, building on highly successful and cost-effective protections..",3,FALSE
Multiple seasons of record low precipitation and near-record high temperatures were the main triggers of the drought.,3,FALSE
There is a 28.7% decrease in emissions since 2011 reflecting the long-term shifts in power sector fuel-stock from coal to natural gas..,3,FALSE
The Partnership represents more than one-third of the US food retail industry..,3,FALSE
"At the coldest part of the last glacial period (or ice age), the average global temperature was about 11°F colder than it is today.",3,FALSE
"“By developing these standards in a clear, transparent, inclusive manner, EPA is cutting pollution while ensuring that power companies can make smart investments and continue to deliver reliable e...",3,FALSE
"Under these new standards, the heavy-duty industry is expected to realize annualized savings of $3.5 billion compared to annualized costs of about $1.1 billion from 2027 through 2055..",3,FALSE
"While reductions in all aerosols can lead to more warming, targeted reductions in black carbon emissions can reduce global warming.",3,FALSE
"EPA projects an increase in US auto manufacturing employment in response to these final standards, consistent with the broader Biden-Harris Administration commitment to create good-paying, union j...",3,FALSE
"It’s important to protect vehicle choice – the number of available models has doubled in the last three years, and in the last year sticker prices are down 20%..",3,FALSE
"Hurricane Katrina is the costliest hurricane on record, incurring damages totaling $182.",3,FALSE
"Today, March 20, the US Environmental Protection Agency finalized the strongest pollution standards for passenger cars, light-duty trucks, and medium-duty vehicles in history..",3,FALSE
Adults aged 55–69 have the highest numbers of confirmed and probable cases of Lyme disease in the United States.,3,FALSE
Irrigation accounts for 70% of all groundwater withdrawals nationwide.,3,FALSE
"In April, EPA finalized a rulemaking under the Significant New Alternatives Policy (SNAP) program that listed new refrigerant options for use in retail food refrigeration, residential and light co...",3,FALSE
HFCs are a super climate pollutant with global warming potentials hundreds to thousands of times higher than CO2..,3,FALSE
Today transportation contributes more to the climate crisis than any other sector in the United States..,3,FALSE
"Between 1990 and 2023, annual emissions of SO2 from power plants fell by 96% and annual emissions of NOX from power plants fell by 90%..",3,FALSE
"“We are proud to join HUD and EPA to call for utility companies to provide accurate usage data and maximize the ability for all households – including renters – to live in more comfortable, energy...",3,FALSE
"The estimated economic impact of asthma is more than $80 billion per year from direct and indirect costs, such as missed school and workdays..",3,FALSE
"Since 2000, bark beetles are thought to have damaged as much forest area as wildfires. More invasive species in forests.",3,FALSE
"In 2020, wildfires burned over 10 million acres of U.S. lands, the highest-ever amount on record.",3,FALSE
"Today and yesterday, three defendants were sentenced to prison time for their crimes, and another three were sentenced to probation..",3,FALSE
"During cool glacial periods, carbon dioxide levels were lower.",3,FALSE
"Until 2021, its Swinerton Renewable Energy division was the country’s leading constructor of utility-scale solar farms..",3,FALSE
"U.S. households with above-average food insecurityExit EPA’s website include those with an income below the poverty threshold, those headed by a single woman, and those with Black or Hispanic owne...",3,FALSE
"Since 2000, bark beetles are thought to have damaged as much forest area as wildfires.",3,FALSE
"EPA is providing relief by extending the 1-psi Reid Vapor Pressure waiver that currently applies to E10 gasoline to E15, which will enable E15 sales throughout the summer driving season in these a...",3,FALSE
"However, emissions have declined 17% overall since 2005, which reflects the combined impacts of several factors, including energy market trends, technological changes including energy efficiency i...",3,FALSE
"Today, April 19, the US Environmental Protection Agency is issuing an emergency fuel waiver to allow E15 gasoline — gasoline blended with 15% ethanol — to be sold during the summer driving season..",3,FALSE
“I am pleased that the Greenhouse Gas Reduction Fund includes a $7 billion ‘Solar for All’ program that I introduced to make it more affordable for low-income and working-class families to install...,3,FALSE
"After accounting for compliance costs of the rule, EPA estimated the net present value of health benefits from the proposed rule, due to reductions in particulate matter and ozone alone, to be up ...",3,FALSE
"EPA received 81 plans in total from Tribes and Tribal consortia representing more than 200 Tribes, along with four plans from territories..",3,FALSE
"When a tree came in contact with electrical distribution lines, it sparked the largest wildfire in California’s history, the 2021 Dixie Fire. Damage to Alaska infrastructure.",3,FALSE
"Saving Money, Reducing Emissions, , EPA estimates that the present value of the cumulative net benefits of this action is more than $272 billion from 2022 through 2050, and that the rule will yiel...",3,FALSE
"Resonac America imported HFC-23 which is a potent greenhouse gas with a 100-year global warming potential of 14,800..",3,FALSE
"Today, the US Environmental Protection Agency (EPA) announced a settlement agreement with Marrs Construction Co., of Bella Vista, Arkansas, addressing the company’s violations of the Lead Renovati...",3,FALSE
"(As a comparison, the Manhattan Island is 33 square miles.)37.",3,FALSE
"In 2020, the U.S. produced nearly 96 quadrillion British thermal units (Btu) of energy and consumed nearly 93 quadrillion Btu.",3,FALSE
"In fact, more than 15,000 dams in the United States have been identified as “high risk” for potential failure.",3,FALSE
"In addition, each of the 67 most populous metropolitan areas in the country are eligible to receive $1 million for plans to tackle climate pollution locally..",3,FALSE
"Nitrous oxide concentrations have increased from a pre-industrial level of 270 ppb11 to 332 ppb in 2019. For more information on greenhouse gas emissions, see the Greenhouse Gas Emissions website.",3,FALSE
"EPA offers Guidance for Utilities on Providing Whole-Building Energy Data, as well as one-on-one support to utilities interested in making this data available to owners..",3,FALSE
"The Kigali Amendment to the Montreal Protocol, adopted by the United Nations in 2016, requires the global phasedown of HFCs by 2036 for the United States and other developed countries..",3,FALSE
"The Solar for All program also advances President Biden’s Justice40 Initiative, which set the goal that 40% of the overall benefits of certain federal climate, clean energy, affordable and sustain...",3,FALSE
EPA received more than 1.3 million comments and had extensive and productive discussions with many groups of stakeholders to develop effective and workable climate standards that follow the law an...,3,FALSE
"However, 13. million U.S. households (about one-tenth of all U.S. households) were food insecure at least part of the time in 2020.",3,FALSE
"The AIM Act’s phasedown is consistent with the global phasedown of HFCs outlined in the Kigali Amendment to the Montreal Protocol on Substances that Deplete the Ozone Layer, an international agree...",3,FALSE
"Since 1991, the incidence of Lyme disease in the United States has nearly doubled. Warmer temperatures also create conditions that help mosquitoes thrive.",3,FALSE
"Today we’re making $3 billion available to install cleaner and more efficient technologies while cutting air pollution to protect the people who work at and live near ports.”, , “Our country’s por...",3,FALSE
These changes could increase pesticide exposures for agricultural workers.,3,FALSE
"In the Complaint, the United States alleges that the two related Dallas-based companies are liable under the Clean Water Act for the crude oil spill that occurred on July 8, 2022..",3,FALSE
Roughly 20 square miles of dry land and wetland became open water along the Atlantic coast between 1996 and 2011.,3,FALSE
"Background on the Methane Emissions Reduction Program in the Inflation Reduction Act, , Methane is a climate “super pollutant” that is more potent than carbon dioxide and responsible for approxima...",3,FALSE
"Sea level rise, melting sea ice, and thawing permafrost are all expected to damage oil and gas infrastructure in Alaska, affecting energy production. Nuclear energy impacts.",3,FALSE
"As temperatures have warmed in the United States, some land animals have moved to the (typically cooler) north by an average of 3. miles per decade.",3,FALSE
"In at least 25 states and territories nationwide, Solar for All is launching new programs where there has never been a substantial low-income solar program before..",3,FALSE
"And just this week, over 4,000 workers building ICEVs and BEVs at Volkswagen in Chattanooga, Tenn., announced they are standing up and filing a petition with the National Labor Relations Board for...",3,FALSE
It was the largest federal climate investment in the history of the nation..,3,FALSE
"J.R. Simplot Company’s Helm, Calif., nitrogenous fertilizer plant commissioned an on-site, one-megawatt solar photovoltaic project, reducing source energy consumption and avoiding greenhouse gas e...",3,FALSE
"Proven solutions to cut oil and gas methane and to avoid the fee are being used by leading companies in states across the country.”, , Methane is a climate “super pollutant” that is more potent th...",3,FALSE
"(LINK), Announcing $100 million in American Rescue Plan funding for environmental justice initiatives and air monitoring in overburdened communities..",3,FALSE
"Judge Peterson sentenced the company last month to pay $10.25 million in restitution to the victims of the May 2017 explosion and a $1 million fine, as well as to serve five years of probation wit...",3,FALSE
"Today, May 6, the US Environmental Protection Agency announced that more than 200 Tribes, plus American Samoa, the Northern Mariana Islands, Guam, and the US Virgin Islands, have published climate...",3,FALSE
Some hospitals are climate-proofing their buildings and becoming more energy efficient.,3,FALSE
Not addressing this problem could cost the U.S. GDP up to $3.,3,FALSE
Some marine species have also shifted north by more than 17 miles per decade.,3,FALSE
"EPA estimates that the present value of the cumulative benefits of this action is $283.9 billion from 2022 through 2050, and that the proposal will yield cumulative compliance savings for industry..",3,FALSE
"The final amendments to the air toxics standards for ethylene oxide commercial sterilization facilities put in place the strongest measures in US history to reduce emissions of EtO, one of the mos...",3,FALSE
"In a related set of complaints filed today, the United States and California allege that nearly a million model year 2013-2023 RAM 2500 and RAM 3500 pickup trucks with Cummins diesel engines utili...",3,FALSE
EPA’s analysis shows that the final rule will provide billions of dollars in health and environmental benefits each year..,3,FALSE
Seven in ten voters support EPA setting stricter limits on carbon emissions from heavy-duty vehicles..,3,FALSE
"For every $1 in costs there could be $77 in health benefits, and in 2032 we’ll see up to:, , 4,500 premature deaths prevented, 2,000 avoided E.R..",3,FALSE
"More than 8,100 industrial facilities reported greenhouse gas emissions in 2022 to EPA..",3,FALSE
"(As a comparison, the Manhattan Island is 33 square miles.",3,FALSE
"The 10 warmest years on record have occurred since 2005, with record highs across the globe in 2020.",3,FALSE
"Therefore, as greenhouse gas concentrations increase and global temperatures rise, the total amount of water vapor in the atmosphere also increases, further amplifying the warming effect. For more...",3,FALSE
Reported power plant emissions decreased by 0.8% between 2021 and 2022..,3,FALSE
"The US has leapt forward in the global race to invest in clean vehicles, with $188 billion and nearly 200,000 jobs on the way..",3,FALSE
"“The Solar for All program – legislation that I successfully introduced – will not only combat the existential threat of climate change by making solar energy available to working class families, ...",3,FALSE
"Overall, human-generated aerosols have a net cooling effect on the earth.",3,FALSE
"This effort supports the goals under EPA’s Renewable Fuel Standard (RFS) program, which has Congressional mandates to replace or reduce quantity of petroleum-based transportation fuel, heat oil, o...",3,FALSE
"Marathon Petroleum Corporation’s Anacortes, Wash., refinery reduced steam trap failures by more than 20% by equipping operators with handheld trap-testing devices to instantly identify leaks..",3,FALSE
It is likely that hurricane intensity has also increased over the past four decades.,3,FALSE
Satellites have been measuring the amount of energy the earth receives from the sun since 1978.,3,FALSE
"Thanks to President Biden’s Investing in America agenda, this is the first time that climate planning on this scale has been accomplished across Tribes..",3,FALSE
"In recent months, EPA has finalized strengthened pollution standards for cars, trucks, and power plants — as well as stronger air quality standards for particulate matter — that once fully impleme...",3,FALSE
"“Using sound science to streamline the review of more environmentally friendly chemical substitutes will help advance the Agency’s climate goals and protect human health and the environment.”, , E...",3,FALSE
Less snow cover during warm winters has a similar effect. Clouds can have both warming and cooling effects on climate.,3,FALSE
Water utilities spend more than $109 billion each year to provide safe drinking water and wastewater services in the communities they serve.,3,FALSE
"The measures proposed in these plans reflect an incredible opportunity to fight the climate crisis and benefit this and future generations.”, , The Climate Pollution Reduction Grants program creat...",3,FALSE
"Since President Biden took office, companies have announced more than $160 billion in investment in US clean vehicle manufacturing and the US auto manufacturing sector has added more than 100,000 ...",3,FALSE
"Reported emissions for 2022 were 1.2% higher than in 2021, and 14.2% higher than 2016..",3,FALSE
Engineers are developing solutions to help bolster system resilience.,3,FALSE
"In comparison, non-low-income households spend 3%.",3,FALSE
The sector accounts for 10. percent of total U.S. employment—more than 22 million jobs.,3,FALSE
Global average temperature has increased about 1.°F from 1901 to 2016.,3,FALSE
"This equates to the carbon dioxide released from powering 173,000 homes with electricity for a year..",3,FALSE
"As of 2019, approximately 51. million (or one in five) U.S. adults live with a mental illness.",3,FALSE
"More than 73,700 engines, vehicles, or other pieces of equipment were replaced or retrofitted to run cleaner with DERA funds during fiscal years 2008 to 2018, according to the DERA Fifth Report to...",3,FALSE
Trucks represent a small fraction of total on-road vehicles but generate the greatest share of harmful air pollutants..,3,FALSE
"Today, April 11, the US Environmental Protection Agency released its latest annual Inventory of US Greenhouse Gas Emissions and Sinks (GHG Inventory), which presents a national-level overview of a...",3,FALSE
"In October 2023, the Justice Department secured guilty pleas from the company, Didion, and company officials, as well as convictions against two more Didion officials..",3,FALSE
"In second place is Washington, D.C. with 555 buildings, followed by Atlanta in third place with 376 buildings..",3,FALSE
"Global Change Research Program—which is composed of 13 federal scientific agencies—concluded that scientific evidence consistently points to human activities, rather than natural climate trends, a...",3,FALSE
"In fiscal year 2022, the task force prevented illegal HFC imports equal to more than 889,000 metric tons of carbon dioxide..",3,FALSE
Pollination is vital to more than 100 crops grown in the United States.,3,FALSE
"Different greenhouse gases can remain in the atmosphere for different amounts of time, ranging from a few years to thousands of years.",3,FALSE
"The pipeline was operating at the time of the rupture and discharged about 300,000 gallons (7,110 barrels) of crude oil into the creek..",3,FALSE
"Currently, in approximately two-thirds of the country, E15 cannot be sold from terminals starting on May 1 and at retail stations starting on June 1..",3,FALSE
"The program will reduce 30 million metric tons of carbon dioxide equivalent emissions cumulatively, from over four gigawatts of solar energy capacity unlocked for low-income communities over five ...",3,FALSE
"When a tree came in contact with electrical distribution lines, it sparked the largest wildfire in California’s history, the 2021 Dixie Fire.",3,FALSE
"In 2020, the demand for transportation services contributed about $1.",3,FALSE
Hess was sentenced to a probationary sentence; Niemeyer was sentenced to a year of probation and a $1000 fine; and Bright was sentenced to a year of probation..,3,FALSE
There are 49 GMI Partner countries today..,3,FALSE
"In 2023, Americans purchased a record 1.2 million electric vehicles thanks, in part, to the consumer tax credits established by the Inflation Reduction Act..",3,FALSE
Methane traps 28 to 36 times more heat in the atmosphere over a 100-year period than carbon dioxide..,3,FALSE
Concentrations of the key greenhouse gases have all increased since the Industrial Revolution due to human activities.,3,FALSE
"America is now a magnet for private investment, with hundreds of billions of dollars committed and 270,000 new clean energy jobs created..",3,FALSE
"Background, , In August 2022, Congress passed, and President Biden signed, the Inflation Reduction Act into law, creating the largest investment to combat the climate crisis in US history..",3,FALSE
"Learn more about Global Warming Potential (GWP), a measure of climate impacts based on how long each greenhouse gas remains in the atmosphere and how strongly it absorbs energy. Ground-level ozone...",3,FALSE
"This enforcement action prevented approximately 6,208 pounds, or 2.816 metric tons, of illegal HFCs from being imported into the US If released into the atmosphere, these HFCs are the equivalent o...",3,FALSE
"During the timeframes of Apache’s alleged violations, air quality monitors in the relevant counties in New Mexico registered rising ozone concentrations exceeding 95% of the NAAQS for ozone..",3,FALSE
"During warm interglacial periods, carbon dioxide levels were higher.",3,FALSE
"1 (Washington), Utah Clean Energy (Utah), Xcel Energy (Minnesota), Xcel Energy (Colorado), Energy used in commercial and residential buildings accounts for one-third of US greenhouse gas emissions..",3,FALSE
"Scientists project that as the climate warms, there will be more intense hurricanes as well as increased rainfall.",3,FALSE
Companies and researchers are developing and installing innovative and renewable technologies (such as wind and solar) that help reduce air pollution and greenhouse gas emissions.,3,FALSE
"Globally, ecosystem services are worth an estimated $125 to $145 trillion per year.",3,FALSE
"One tool, the USDA Drought Summary ToolExit EPA’s website, shows drought conditions over time by region, state, range, and forest.",3,FALSE
"EPA also performed a sensitivity analysis exploring the combined effect on the power sector of the carbon pollution, air toxics, and water rules, as well as EPA’s recent rules for the transportati...",3,FALSE
"Today, the US Environmental Protection Agency (EPA) is releasing new and updated resources to support states as they work to address the climate crisis and reduce climate pollution..",3,FALSE
Over 930 million people – around 12% of the world’s population – spend at least 10% of their household budget to pay for health care.,3,FALSE
"As a result, thousands of sea lion pups starved.",3,FALSE
"Global Methane Initiative, , In 2004 the EPA and the State Department launched the Global Methane Initiative (then known as the Methane to Markets Partnership) along with 14 countries and leading ...",3,FALSE
"Additional cases of Lyme disease in children are projected to rise 79% to 241%, or an additional 2,600 to 23,400 new cases per year..",3,FALSE
"Atmospheric carbon dioxide concentrations have increased by more than 40 percent since pre-industrial times, from approximately 280 parts per million (ppm) in the 18th century7 to 414 ppm in 2020....",3,FALSE
"Carbon dioxide, methane, and nitrous oxide concentrations are now more abundant in the earth’s atmosphere than any time in the last 800,000 years.",3,FALSE
"“President Biden’s Inflation Reduction Act created the largest investment in climate action and environmental justice in US history,” said EPA Administrator Michael S. Regan..",3,FALSE
"On average, low-income households spend 8.% of their income on energy expenses.",3,FALSE
"The St. Paul Park, Minn., refinery completed a three-year effort to reinforce insulation across the entire site, cutting carbon dioxide-equivalent emissions by close to 16,000 metric tons per year..",3,FALSE
About 80% of the ground in Alaska has permafrost underneath it.,3,FALSE
Every $1 invested by the United States in GMI leverages approximately $6 in investments from other stakeholders..,3,FALSE
Target – Two stores in Florida and Illinois achieved GreenChill Store Certification for five consecutive years..,3,FALSE
"The energy system is an important source of employment for Americans, providing jobs for about 5. million people.",3,FALSE
"Today’s action is the latest in recent weeks to protect communities from EtO pollution, following a final rule to dramatically reduce EtO emissions from commercial sterilization facilities..",3,FALSE
"More information:  https://www.epa.gov/snap, , On April 22, as a part of the Paris Agreement, the United States pledged to reduce national greenhouse gas emissions by 50 to 52 percent below 2005 l...",3,FALSE
"Today, March 11, the US Environmental Protection Agency announced a record 45 states, plus the District of Columbia, Puerto Rico, and dozens of Metropolitan Statistical Areas have now developed cl...",3,FALSE
"“In many cities, a majority of greenhouse gas emissions results from the energy used by buildings,” said EPA Administrator Michael S. Regan..",3,FALSE
"These illnesses cost the U.S. health care system more than $3 billion annually, and climate impacts are expected to increase risk of exposure to water-borne pathogens and water-treatment expenses....",3,FALSE
"Background, , EPA studies of human exposure to air pollutants indicate that indoor levels of pollutants may be two to five times — and occasionally more than 100 times — higher than outdoor levels..",3,FALSE
"Today, April 25, the US Environmental Protection Agency announced a suite of final rules to reduce pollution from fossil fuel-fired power plants in order to protect all communities from pollution ...",3,FALSE
"In 2021, the U.S. Southwest experienced one of the most severe long-term droughts of the past 1,200 years.",3,FALSE
"Global Methane Pledge, , The Global Methane Pledge, launched at COP26 by the European Union and the United States, now has over 155 government participants representing over 50% of global anthropo...",3,FALSE
"Sea level rise, melting sea ice, and thawing permafrost are all expected to damage oil and gas infrastructure in Alaska, affecting energy production.",3,FALSE
"In addition, EPA proposes to address environmental justice concerns in all NECIs, and to add two new NECIs on mitigating climate change and addressing PFAS pollution, for the FY 2024-2027 cycle..",3,FALSE
At least 237 sanitary sewer overflows have occurred from GWA’s collection system since 2018..,3,FALSE
"As directed by Congress, the Waste Emissions Charge starts at $900 per metric ton of wasteful emissions in 2024, increasing to $1,200 for 2025, and $1,500 for 2026 and beyond, and only applies to ...",3,FALSE
Some utility companies even offer federal tax credits.,3,FALSE
"Across the nation, over 3 million Class 6 and Class 7 vehicles are currently in use, spanning a wide variety of vehicle types and vocations, including school buses, refuse haulers, and utility and...",3,FALSE
"(2016 is the earliest year of comparable data for this sector, as new industry segments began reporting that year.",3,FALSE
This is roughly equivalent to the greenhouse gas emissions from consuming over 12 billion gallons of gasoline..,3,FALSE
"Since 2000, PM2.5 concentrations in the outdoor air have decreased by 42% while the US Gross Domestic Product increased by 52% during that time..",3,FALSE
EPA is currently developing new content that presents the climate change impacts that regions and states are already experiencing.,3,FALSE
"Separately, studies show that children between the ages of 5 and 9 report a higher frequency of Lyme disease compared to most other age groups.",3,FALSE